"","SVM_LABEL","SVM_PROB","GLMNET_LABEL","GLMNET_PROB","MAXENTROPY_LABEL","MAXENTROPY_PROB","SLDA_LABEL","SLDA_PROB","LOGITBOOST_LABEL","LOGITBOOST_PROB","BAGGING_LABEL","BAGGING_PROB","FORESTS_LABEL","FORESTS_PROB","NNETWORK_LABEL","NNETWORK_PROB","TREE_LABEL","TREE_PROB","sentence"
"1","-1",0.636470051918508,"-1",0.644588752863026,"-1",0.917425450687216,"-1",0.515479363596338,"-1",0.5,"-1",0.8,"-1",0.72,"-1",0.676868801507765,"-1",0.62573385518591,"raymond g. long raymond g. long| raymond g. long raymond g. long, age 77, of cuyahoga falls, went home to be with loved ones on june 9, 2015."
"2","1",0.584841996758996,"-1",0.407058501690209,"1",0.999172022995751,"-1",0.616496378418551,"1",0.5,"1",0.52,"1",0.64,"1",0.711852578637704,"1",0.464406779661017,"the family will receive friends on monday, june 15, 2015 from 5 p. m. to 8 p. m. at newcomer funeral home, 131 n. canton rd., akron, with additional calling hours on tuesday, june 16, 2015 from 12 p."
"3","-1",0.655823371807364,"-1",0.806558205510122,"-1",0.909026851420483,"-1",0.924986373826858,"-1",0.880797077977882,"-1",0.76,"-1",0.555,"-1",0.676868801507765,"-1",0.62573385518591,"m. to 1 p. m., with funeral service to follow at 1 p. m. in lieu of flowers, donations can be made in raymond's name to the mds foundation, 4573 s. broad st."
"4","-1",0.626375975331798,"-1",0.620608420943009,"5",0.2,"-1",0.642899968226011,"-1",0.5,"-1",1,"-1",1,"-1",0.588214946078191,"-1",0.62573385518591,"suite 150, yardville, nj 08620 or at www. mds-foundation."
"5","-1",0.631860965816098,"-1",0.620608420943009,"-1",0.516990526500251,"-1",0.693610138193383,"-1",0.5,"-1",1,"-1",0.99,"-1",0.676861423014574,"-1",0.62573385518591,"org. to leave a special message for the family online, please visit www."
"6","-1",0.626375975331798,"-1",0.620608420943009,"5",0.2,"-1",0.642899968226011,"-1",0.5,"-1",1,"-1",1,"-1",0.588214946078191,"-1",0.62573385518591,"newcomer."
"7","-1",0.626375975331798,"-1",0.620608420943009,"5",0.2,"-1",0.642899968226011,"-1",0.5,"-1",1,"-1",1,"-1",0.588214946078191,"-1",0.62573385518591,"akron."
"8","-1",0.626375975331798,"-1",0.620608420943009,"5",0.2,"-1",0.642899968226011,"-1",0.5,"-1",1,"-1",1,"-1",0.588214946078191,"-1",0.62573385518591,"com."
"9","-1",0.626375975331798,"-1",0.620608420943009,"5",0.2,"-1",0.642899968226011,"-1",0.5,"-1",1,"-1",1,"-1",0.588214946078191,"-1",0.62573385518591,"published in akron beacon journal on june 12, 2015"
