"","SVM_LABEL","SVM_PROB","GLMNET_LABEL","GLMNET_PROB","MAXENTROPY_LABEL","MAXENTROPY_PROB","SLDA_LABEL","SLDA_PROB","LOGITBOOST_LABEL","LOGITBOOST_PROB","BAGGING_LABEL","BAGGING_PROB","FORESTS_LABEL","FORESTS_PROB","NNETWORK_LABEL","NNETWORK_PROB","TREE_LABEL","TREE_PROB","sentence"
"1","-1",0.634103950357414,"-1",0.59628647995052,"-1",0.563610541484632,"-1",0.676816190465475,"-1",0.5,"-1",0.84,"-1",0.615,"-1",0.67686402550156,"-1",0.62573385518591,"willie j. daniels| willie j. daniels age 46, of west palm beach, florida."
"2","-1",0.632118442857486,"-1",0.571489003336612,"-1",0.506576662348288,"-1",0.574152986888224,"-1",0.5,"-1",0.96,"-1",0.93,"-1",0.662856526569217,"-1",0.62573385518591,"passed away suddenly on tuesday, june 2, 2015."
"3","-1",0.634963538584935,"-1",0.686628120481455,"-1",0.715582117448805,"-1",0.77205718969281,"-1",0.5,"-1",1,"-1",0.995,"-1",0.67626301286766,"-1",0.62573385518591,"willie was a laborer in construction for many years locally."
"4","-1",0.625188306099589,"-1",0.620608420943009,"-1",0.488107181164628,"-1",0.669994072881842,"-1",0.5,"-1",1,"-1",0.665,"-1",0.676659255406957,"-1",0.62573385518591,"he leaves to mourn his passing his six brothers; joseph b. hunter, carl hunter, michael hunter, alvert daniels, alfred (yolanda) daniels and paris l. daniels."
"5","-1",0.621639063909122,"-1",0.649711664318993,"2",0.612329912116849,"-1",0.635517385865194,"-1",0.5,"-1",1,"-1",0.93,"5",0.423782781083316,"-1",0.62573385518591,"and a host of many relatives and friends."
"6","5",0.455944181275861,"5",0.442179896575614,"1",0.516537101931202,"5",0.571862634920658,"1",0.5,"1",0.84,"1",0.45,"1",0.604541055827484,"1",0.444444444444444,"services are pending."
