"","SVM_LABEL","SVM_PROB","GLMNET_LABEL","GLMNET_PROB","MAXENTROPY_LABEL","MAXENTROPY_PROB","SLDA_LABEL","SLDA_PROB","LOGITBOOST_LABEL","LOGITBOOST_PROB","BAGGING_LABEL","BAGGING_PROB","FORESTS_LABEL","FORESTS_PROB","NNETWORK_LABEL","NNETWORK_PROB","TREE_LABEL","TREE_PROB","sentence"
"1","-1",0.626375975331798,"-1",0.620608420943009,"5",0.2,"-1",0.642899968226011,"-1",0.5,"-1",1,"-1",1,"-1",0.588214946078191,"-1",0.62573385518591,"peter de."
"2","-1",0.626375975331798,"-1",0.620608420943009,"5",0.2,"-1",0.642899968226011,"-1",0.5,"-1",1,"-1",1,"-1",0.588214946078191,"-1",0.62573385518591,"gregory| peter de."
"3","-1",0.627937574567676,"-1",0.620608420943009,"-1",0.399601739410165,"-1",0.652725588145744,"-1",0.5,"-1",1,"-1",0.865,"-1",0.655057642015931,"-1",0.62573385518591,"gregory infant son of peter de."
"4","-1",0.634206115642684,"-1",0.571489003336612,"5",0.676199645704691,"-1",0.578784556403027,"-1",0.5,"-1",0.88,"-1",0.53,"-1",0.674908873906052,"-1",0.62573385518591,"gregory and dilianise colon, of lake worth, florida passed away peacefully on sunday, june 7, 2015 at good samaritan hospital."
"5","5",0.455944181275861,"5",0.442179896575614,"1",0.516537101931202,"5",0.571862634920658,"1",0.5,"1",0.84,"1",0.45,"1",0.604541055827484,"1",0.444444444444444,"services are pending "
