"","SVM_LABEL","SVM_PROB","GLMNET_LABEL","GLMNET_PROB","MAXENTROPY_LABEL","MAXENTROPY_PROB","SLDA_LABEL","SLDA_PROB","LOGITBOOST_LABEL","LOGITBOOST_PROB","BAGGING_LABEL","BAGGING_PROB","FORESTS_LABEL","FORESTS_PROB","NNETWORK_LABEL","NNETWORK_PROB","TREE_LABEL","TREE_PROB","sentence"
"1","-1",0.626375975331798,"-1",0.620608420943009,"5",0.2,"-1",0.642899968226011,"-1",0.5,"-1",1,"-1",1,"-1",0.588214946078191,"-1",0.62573385518591,"raymond alan duke friday, june 5, 2015| of raymond duke."
"2","-1",0.632118442857486,"-1",0.571489003336612,"-1",0.506576662348288,"-1",0.574152986888224,"-1",0.5,"-1",0.96,"-1",0.93,"-1",0.662856526569217,"-1",0.62573385518591,"raymond alan duke, 52, of syracuse passed away friday."
"3","-1",0.594983217579504,"-1",0.488040893330984,"5",0.583342153792051,"-1",0.536871950243801,"5",0.5,"-1",0.96,"-1",0.915,"1",0.720302281279376,"1",0.464406779661017,"born in syracuse, he was genuine and well liked by everyone he met. he will be greatly missed."
"4","-1",0.623630459498303,"-1",0.676839849644974,"-1",0.85302556783789,"-1",0.749808502541717,"-1",0.5,"-1",0.92,"-1",0.75,"-1",0.676868801507765,"-1",0.62573385518591,"survivors: daughter, kayla george; son, rayven george; mother, doris duke; sisters, betty hamilton of st."
"5","-1",0.636457645965673,"-1",0.657687970449722,"-1",0.575278250443627,"-1",0.678645590017626,"-1",0.5,"-1",0.84,"-1",0.84,"-1",0.676868587332697,"-1",0.62573385518591,"charles, la, marcia horine, karen duke of wood river junction, ri, debra duke; brother, james duke; many nieces, nephews, aunts, uncles, and cousins."
"6","1",0.547260567375665,"1",0.505533817612103,"1",0.727023392770266,"5",0.529687642348862,"1",0.880797077977882,"5",0.72,"1",0.555,"1",0.721295352030083,"1",0.464406779661017,"services: a prayer service and calling hour will from 10 a. m. to 11 a. m. friday at tindall funeral home, 1921 w genesee street."
"7","-1",0.616728433130542,"-1",0.477560886367612,"1",0.644080245840032,"-1",0.618304177419955,"5",0.5,"5",0.88,"-1",0.455,"1",0.721295352030083,"1",0.464406779661017,"burial will follow in greenlawn cemetery, warners."
